1,PHP 7.x,Free,http://php7cookbook.unlikelysource.net/b05314.zip,/source/data/files/php7cookbook.sql,1 GB RAM / 1 GB disk space,"Windows, Linux, Mac",,,,
1,PHP 7.x,Free,http://php7cookbook.unlikelysource.net/b05314.zip,/source/chapter01/chap_01_autoload_test.php,1 GB RAM / 1 GB disk space,"Windows, Linux, Mac",,,,
1,PHP 7.x,Free,http://php7cookbook.unlikelysource.net/b05314.zip,/source/chapter01/chap_01_deep_scan_website.php,1 GB RAM / 1 GB disk space,"Windows, Linux, Mac",,,,
1,PHP 7.x,Free,http://php7cookbook.unlikelysource.net/b05314.zip,/source/chapter01/chap_01_php5_to_php7_code_converter_test_file.php,1 GB RAM / 1 GB disk space,"Windows, Linux, Mac",,,,
1,PHP 7.x,Free,http://php7cookbook.unlikelysource.net/b05314.zip,/source/chapter01/chap_01_php5_to_php7_code_converter.php,1 GB RAM / 1 GB disk space,"Windows, Linux, Mac",,,,
1,PHP 7.x,Free,http://php7cookbook.unlikelysource.net/b05314.zip,/source/chapter01/chap_01_vacuuming_website.php,1 GB RAM / 1 GB disk space,"Windows, Linux, Mac",,,,
2,PHP 7.x,Free,http://php7cookbook.unlikelysource.net/b05314.zip,/source/Application/Generic/Node.php,1 GB RAM / 1 GB disk space,"Windows, Linux, Mac",,,,
2,PHP 7.x,Free,http://php7cookbook.unlikelysource.net/b05314.zip,/source/chapter02/chap_02_config.php,1 GB RAM / 1 GB disk space,"Windows, Linux, Mac",,,,
2,PHP 7.x,Free,http://php7cookbook.unlikelysource.net/b05314.zip,/source/chapter02/chap_02_foreach.php,1 GB RAM / 1 GB disk space,"Windows, Linux, Mac",,,,
2,PHP 7.x,Free,http://php7cookbook.unlikelysource.net/b05314.zip,/source/chapter02/chap_02_iterating_through_a_massive_file.php,1 GB RAM / 1 GB disk space,"Windows, Linux, Mac",,,,
2,PHP 7.x,Free,http://php7cookbook.unlikelysource.net/b05314.zip,/source/chapter02/chap_02_performance_using_php7_enhancement_call.php,1 GB RAM / 1 GB disk space,"Windows, Linux, Mac",,,,
2,PHP 7.x,Free,http://php7cookbook.unlikelysource.net/b05314.zip,/source/chapter02/chap_02_recursive_directory_iterator.php,1 GB RAM / 1 GB disk space,"Windows, Linux, Mac",,,,
2,PHP 7.x,Free,http://php7cookbook.unlikelysource.net/b05314.zip,/source/chapter02/chap_02_simple_ast_example.php,1 GB RAM / 1 GB disk space,"Windows, Linux, Mac",,,,
2,PHP 7.x,Free,http://php7cookbook.unlikelysource.net/b05314.zip,/source/chapter02/chap_02_taking_advantage_of_ast_left_to_right_parsing.php,1 GB RAM / 1 GB disk space,"Windows, Linux, Mac",,,,
2,PHP 7.x,Free,http://php7cookbook.unlikelysource.net/b05314.zip,/source/chapter02/chap_02_taking_advantage_of_ast.php,1 GB RAM / 1 GB disk space,"Windows, Linux, Mac",,,,
2,PHP 7.x,Free,http://php7cookbook.unlikelysource.net/b05314.zip,/source/chapter02/chap_02_understanding_ast_simple_example.php,1 GB RAM / 1 GB disk space,"Windows, Linux, Mac",,,,
2,PHP 7.x,Free,http://php7cookbook.unlikelysource.net/b05314.zip,/source/chapter02/chap_02_understanding_diffs_in_parsing_2.php,1 GB RAM / 1 GB disk space,"Windows, Linux, Mac",,,,
2,PHP 7.x,Free,http://php7cookbook.unlikelysource.net/b05314.zip,/source/chapter02/chap_02_understanding_diffs_in_parsing_php5.php,1 GB RAM / 1 GB disk space,"Windows, Linux, Mac",,,,
2,PHP 7.x,Free,http://php7cookbook.unlikelysource.net/b05314.zip,/source/chapter02/chap_02_understanding_diffs_in_parsing.php,1 GB RAM / 1 GB disk space,"Windows, Linux, Mac",,,,
2,PHP 7.x,Free,http://php7cookbook.unlikelysource.net/b05314.zip,/source/chapter02/chap_02_understanding_variable_variables.php,1 GB RAM / 1 GB disk space,"Windows, Linux, Mac",,,,
2,PHP 7.x,Free,http://php7cookbook.unlikelysource.net/b05314.zip,/source/chapter02/chap_02_uploading_csv_to_database.php,1 GB RAM / 1 GB disk space,"Windows, Linux, Mac",,,,
2,PHP 7.x,Free,http://php7cookbook.unlikelysource.net/b05314.zip,/source/chapter02/chap_02_web_filtering_ast_example.php,1 GB RAM / 1 GB disk space,"Windows, Linux, Mac",,,,
2,PHP 7.x,Free,http://php7cookbook.unlikelysource.net/b05314.zip,/source/data/files/war_and_peace.txt,1 GB RAM / 1 GB disk space,"Windows, Linux, Mac",,,,
2,PHP 7.x,Free,http://php7cookbook.unlikelysource.net/b05314.zip,/source/chapter02/home.php,1 GB RAM / 1 GB disk space,"Windows, Linux, Mac",,,,
2,PHP 7.x,Free,http://php7cookbook.unlikelysource.net/b05314.zip,/source/chapter02/images/arrow-2.png,1 GB RAM / 1 GB disk space,"Windows, Linux, Mac",,,,
2,PHP 7.x,Free,http://php7cookbook.unlikelysource.net/b05314.zip,/source/chapter02/images/arrow1.png,1 GB RAM / 1 GB disk space,"Windows, Linux, Mac",,,,
2,PHP 7.x,Free,http://php7cookbook.unlikelysource.net/b05314.zip,/source/chapter02/images/brand-logo1.png,1 GB RAM / 1 GB disk space,"Windows, Linux, Mac",,,,
2,PHP 7.x,Free,http://php7cookbook.unlikelysource.net/b05314.zip,/source/chapter02/images/brand-logo2.png,1 GB RAM / 1 GB disk space,"Windows, Linux, Mac",,,,
2,PHP 7.x,Free,http://php7cookbook.unlikelysource.net/b05314.zip,/source/chapter02/images/brand-logo3.png,1 GB RAM / 1 GB disk space,"Windows, Linux, Mac",,,,
2,PHP 7.x,Free,http://php7cookbook.unlikelysource.net/b05314.zip,/source/chapter02/images/brand-logo4.png,1 GB RAM / 1 GB disk space,"Windows, Linux, Mac",,,,
2,PHP 7.x,Free,http://php7cookbook.unlikelysource.net/b05314.zip,/source/chapter02/images/btn-icons.png,1 GB RAM / 1 GB disk space,"Windows, Linux, Mac",,,,
2,PHP 7.x,Free,http://php7cookbook.unlikelysource.net/b05314.zip,/source/chapter02/images/divice-half.png,1 GB RAM / 1 GB disk space,"Windows, Linux, Mac",,,,
2,PHP 7.x,Free,http://php7cookbook.unlikelysource.net/b05314.zip,/source/chapter02/images/divice-in-hand.png,1 GB RAM / 1 GB disk space,"Windows, Linux, Mac",,,,
2,PHP 7.x,Free,http://php7cookbook.unlikelysource.net/b05314.zip,/source/chapter02/images/divice.png,1 GB RAM / 1 GB disk space,"Windows, Linux, Mac",,,,
2,PHP 7.x,Free,http://php7cookbook.unlikelysource.net/b05314.zip,/source/chapter02/images/fav.png,1 GB RAM / 1 GB disk space,"Windows, Linux, Mac",,,,
2,PHP 7.x,Free,http://php7cookbook.unlikelysource.net/b05314.zip,/source/chapter02/images/feature-icons-l.png,1 GB RAM / 1 GB disk space,"Windows, Linux, Mac",,,,
2,PHP 7.x,Free,http://php7cookbook.unlikelysource.net/b05314.zip,/source/chapter02/images/feature-icons-r.png,1 GB RAM / 1 GB disk space,"Windows, Linux, Mac",,,,
2,PHP 7.x,Free,http://php7cookbook.unlikelysource.net/b05314.zip,/source/chapter02/images/heart-icon.png,1 GB RAM / 1 GB disk space,"Windows, Linux, Mac",,,,
2,PHP 7.x,Free,http://php7cookbook.unlikelysource.net/b05314.zip,/source/chapter02/images/icon1.png,1 GB RAM / 1 GB disk space,"Windows, Linux, Mac",,,,
2,PHP 7.x,Free,http://php7cookbook.unlikelysource.net/b05314.zip,/source/chapter02/images/logo.png,1 GB RAM / 1 GB disk space,"Windows, Linux, Mac",,,,
2,PHP 7.x,Free,http://php7cookbook.unlikelysource.net/b05314.zip,/source/chapter02/images/msg-icon.png,1 GB RAM / 1 GB disk space,"Windows, Linux, Mac",,,,
2,PHP 7.x,Free,http://php7cookbook.unlikelysource.net/b05314.zip,/source/chapter02/images/nav-icon.png,1 GB RAM / 1 GB disk space,"Windows, Linux, Mac",,,,
2,PHP 7.x,Free,http://php7cookbook.unlikelysource.net/b05314.zip,/source/chapter02/images/play-btn.png,1 GB RAM / 1 GB disk space,"Windows, Linux, Mac",,,,
2,PHP 7.x,Free,http://php7cookbook.unlikelysource.net/b05314.zip,/source/chapter02/images/quit-people.jpg,1 GB RAM / 1 GB disk space,"Windows, Linux, Mac",,,,
2,PHP 7.x,Free,http://php7cookbook.unlikelysource.net/b05314.zip,/source/chapter02/images/screen-coursuals.png,1 GB RAM / 1 GB disk space,"Windows, Linux, Mac",,,,
2,PHP 7.x,Free,http://php7cookbook.unlikelysource.net/b05314.zip,/source/chapter02/images/screen.png,1 GB RAM / 1 GB disk space,"Windows, Linux, Mac",,,,
2,PHP 7.x,Free,http://php7cookbook.unlikelysource.net/b05314.zip,/source/chapter02/images/slide.jpg,1 GB RAM / 1 GB disk space,"Windows, Linux, Mac",,,,
2,PHP 7.x,Free,http://php7cookbook.unlikelysource.net/b05314.zip,/source/chapter02/images/social-icons.png,1 GB RAM / 1 GB disk space,"Windows, Linux, Mac",,,,
2,PHP 7.x,Free,http://php7cookbook.unlikelysource.net/b05314.zip,/source/chapter02/images/team-member.jpg,1 GB RAM / 1 GB disk space,"Windows, Linux, Mac",,,,
2,PHP 7.x,Free,http://php7cookbook.unlikelysource.net/b05314.zip,/source/chapter02/images/team-member1.jpg,1 GB RAM / 1 GB disk space,"Windows, Linux, Mac",,,,
2,PHP 7.x,Free,http://php7cookbook.unlikelysource.net/b05314.zip,/source/chapter02/images/team-member2.jpg,1 GB RAM / 1 GB disk space,"Windows, Linux, Mac",,,,
2,PHP 7.x,Free,http://php7cookbook.unlikelysource.net/b05314.zip,/source/chapter02/images/team-member3.jpg,1 GB RAM / 1 GB disk space,"Windows, Linux, Mac",,,,
2,PHP 7.x,Free,http://php7cookbook.unlikelysource.net/b05314.zip,/source/chapter02/images/team-member4.jpg,1 GB RAM / 1 GB disk space,"Windows, Linux, Mac",,,,
2,PHP 7.x,Free,http://php7cookbook.unlikelysource.net/b05314.zip,/source/chapter02/images/team-social.png,1 GB RAM / 1 GB disk space,"Windows, Linux, Mac",,,,
2,PHP 7.x,Free,http://php7cookbook.unlikelysource.net/b05314.zip,/source/chapter02/images/testmonials.png,1 GB RAM / 1 GB disk space,"Windows, Linux, Mac",,,,
2,PHP 7.x,Free,http://php7cookbook.unlikelysource.net/b05314.zip,/source/chapter02/images/to-top1.png,1 GB RAM / 1 GB disk space,"Windows, Linux, Mac",,,,
2,PHP 7.x,Free,http://php7cookbook.unlikelysource.net/b05314.zip,/source/chapter02/images/top-slider-pagenate.png,1 GB RAM / 1 GB disk space,"Windows, Linux, Mac",,,,
2,PHP 7.x,Free,http://php7cookbook.unlikelysource.net/b05314.zip,/source/chapter02/index.html,1 GB RAM / 1 GB disk space,"Windows, Linux, Mac",,,,
2,PHP 7.x,Free,http://php7cookbook.unlikelysource.net/b05314.zip,/source/chapter02/templates/home.html,1 GB RAM / 1 GB disk space,"Windows, Linux, Mac",,,,
3,PHP 7.x,Free,http://php7cookbook.unlikelysource.net/b05314.zip,/source/chapter03/chap_03_developing_functions_array_iterator.php,1 GB RAM / 1 GB disk space,"Windows, Linux, Mac",,,,
3,PHP 7.x,Free,http://php7cookbook.unlikelysource.net/b05314.zip,/source/chapter03/chap_03_developing_functions_filtered_and_paginated.php,1 GB RAM / 1 GB disk space,"Windows, Linux, Mac",,,,
3,PHP 7.x,Free,http://php7cookbook.unlikelysource.net/b05314.zip,/source/chapter03/chap_03_developing_functions_filtered_iterator.php,1 GB RAM / 1 GB disk space,"Windows, Linux, Mac",,,,
3,PHP 7.x,Free,http://php7cookbook.unlikelysource.net/b05314.zip,/source/chapter03/chap_03_developing_functions_iterators_library.php,1 GB RAM / 1 GB disk space,"Windows, Linux, Mac",,,,
3,PHP 7.x,Free,http://php7cookbook.unlikelysource.net/b05314.zip,/source/chapter03/chap_03_developing_functions_iterators.php,1 GB RAM / 1 GB disk space,"Windows, Linux, Mac",,,,
3,PHP 7.x,Free,http://php7cookbook.unlikelysource.net/b05314.zip,/source/chapter03/chap_03_developing_functions_library.php,1 GB RAM / 1 GB disk space,"Windows, Linux, Mac",,,,
3,PHP 7.x,Free,http://php7cookbook.unlikelysource.net/b05314.zip,/source/chapter03/chap_03_developing_functions_namespace_alpha.php,1 GB RAM / 1 GB disk space,"Windows, Linux, Mac",,,,
3,PHP 7.x,Free,http://php7cookbook.unlikelysource.net/b05314.zip,/source/chapter03/chap_03_developing_functions_namespace_beta.php,1 GB RAM / 1 GB disk space,"Windows, Linux, Mac",,,,
3,PHP 7.x,Free,http://php7cookbook.unlikelysource.net/b05314.zip,/source/chapter03/chap_03_developing_functions_namespace.php,1 GB RAM / 1 GB disk space,"Windows, Linux, Mac",,,,
3,PHP 7.x,Free,http://php7cookbook.unlikelysource.net/b05314.zip,/source/chapter03/chap_03_developing_functions_paginated.php,1 GB RAM / 1 GB disk space,"Windows, Linux, Mac",,,,
3,PHP 7.x,Free,http://php7cookbook.unlikelysource.net/b05314.zip,/source/chapter03/chap_03_developing_functions_recursive.php,1 GB RAM / 1 GB disk space,"Windows, Linux, Mac",,,,
3,PHP 7.x,Free,http://php7cookbook.unlikelysource.net/b05314.zip,/source/chapter03/chap_03_developing_functions_return_types_library.php,1 GB RAM / 1 GB disk space,"Windows, Linux, Mac",,,,
3,PHP 7.x,Free,http://php7cookbook.unlikelysource.net/b05314.zip,/source/chapter03/chap_03_developing_functions_return_types.php,1 GB RAM / 1 GB disk space,"Windows, Linux, Mac",,,,
3,PHP 7.x,Free,http://php7cookbook.unlikelysource.net/b05314.zip,/source/chapter03/chap_03_developing_functions_stacked_iterators.php,1 GB RAM / 1 GB disk space,"Windows, Linux, Mac",,,,
3,PHP 7.x,Free,http://php7cookbook.unlikelysource.net/b05314.zip,/source/chapter03/chap_03_developing_functions_type_hints_library.php,1 GB RAM / 1 GB disk space,"Windows, Linux, Mac",,,,
3,PHP 7.x,Free,http://php7cookbook.unlikelysource.net/b05314.zip,/source/chapter03/chap_03_developing_functions_using_generator.php,1 GB RAM / 1 GB disk space,"Windows, Linux, Mac",,,,
3,PHP 7.x,Free,http://php7cookbook.unlikelysource.net/b05314.zip,/source/chapter03/chap_03_developing_functions_with_hints.php,1 GB RAM / 1 GB disk space,"Windows, Linux, Mac",,,,
3,PHP 7.x,Free,http://php7cookbook.unlikelysource.net/b05314.zip,/source/chapter03/chap_03_developing_functions.php,1 GB RAM / 1 GB disk space,"Windows, Linux, Mac",,,,
3,PHP 7.x,Free,http://php7cookbook.unlikelysource.net/b05314.zip,/source/config/db.config.php,1 GB RAM / 1 GB disk space,"Windows, Linux, Mac",,,,
4,PHP 7.x,Free,http://php7cookbook.unlikelysource.net/b05314.zip,/source/Application/Database/Connection.php,1 GB RAM / 1 GB disk space,"Windows, Linux, Mac",,,,
4,PHP 7.x,Free,http://php7cookbook.unlikelysource.net/b05314.zip,/source/Application/Entity.php,1 GB RAM / 1 GB disk space,"Windows, Linux, Mac",,,,
4,PHP 7.x,Free,http://php7cookbook.unlikelysource.net/b05314.zip,/source/Application/Entity/Address.php,1 GB RAM / 1 GB disk space,"Windows, Linux, Mac",,,,
4,PHP 7.x,Free,http://php7cookbook.unlikelysource.net/b05314.zip,/source/Application/Entity/Entity.php,1 GB RAM / 1 GB disk space,"Windows, Linux, Mac",,,,
4,PHP 7.x,Free,http://php7cookbook.unlikelysource.net/b05314.zip,/source/Application/Entity/Name.php,1 GB RAM / 1 GB disk space,"Windows, Linux, Mac",,,,
4,PHP 7.x,Free,http://php7cookbook.unlikelysource.net/b05314.zip,/source/Application/Entity/Profile.php,1 GB RAM / 1 GB disk space,"Windows, Linux, Mac",,,,
4,PHP 7.x,Free,http://php7cookbook.unlikelysource.net/b05314.zip,/source/Application/Generic/Registry.php,1 GB RAM / 1 GB disk space,"Windows, Linux, Mac",,,,
4,PHP 7.x,Free,http://php7cookbook.unlikelysource.net/b05314.zip,/source/chapter04/chap_04_oop_abstract.php,1 GB RAM / 1 GB disk space,"Windows, Linux, Mac",,,,
4,PHP 7.x,Free,http://php7cookbook.unlikelysource.net/b05314.zip,/source/chapter04/chap_04_oop_anonymous_class_basic.php,1 GB RAM / 1 GB disk space,"Windows, Linux, Mac",,,,
4,PHP 7.x,Free,http://php7cookbook.unlikelysource.net/b05314.zip,/source/chapter04/chap_04_oop_anonymous_class_extends.php,1 GB RAM / 1 GB disk space,"Windows, Linux, Mac",,,,
4,PHP 7.x,Free,http://php7cookbook.unlikelysource.net/b05314.zip,/source/chapter04/chap_04_oop_anonymous_class_interfaces.php,1 GB RAM / 1 GB disk space,"Windows, Linux, Mac",,,,
4,PHP 7.x,Free,http://php7cookbook.unlikelysource.net/b05314.zip,/source/chapter04/chap_04_oop_anonymous_class.php,1 GB RAM / 1 GB disk space,"Windows, Linux, Mac",,,,
4,PHP 7.x,Free,http://php7cookbook.unlikelysource.net/b05314.zip,/source/chapter04/chap_04_oop_basic_visibility.php,1 GB RAM / 1 GB disk space,"Windows, Linux, Mac",,,,
4,PHP 7.x,Free,http://php7cookbook.unlikelysource.net/b05314.zip,/source/chapter04/chap_04_oop_classes_case_insensitive.php,1 GB RAM / 1 GB disk space,"Windows, Linux, Mac",,,,
4,PHP 7.x,Free,http://php7cookbook.unlikelysource.net/b05314.zip,/source/chapter04/chap_04_oop_defining_class_test.php,1 GB RAM / 1 GB disk space,"Windows, Linux, Mac",,,,
4,PHP 7.x,Free,http://php7cookbook.unlikelysource.net/b05314.zip,/source/chapter04/chap_04_oop_extends.php,1 GB RAM / 1 GB disk space,"Windows, Linux, Mac",,,,
4,PHP 7.x,Free,http://php7cookbook.unlikelysource.net/b05314.zip,/source/chapter04/chap_04_oop_factory_pattern_example.php,1 GB RAM / 1 GB disk space,"Windows, Linux, Mac",,,,
4,PHP 7.x,Free,http://php7cookbook.unlikelysource.net/b05314.zip,/source/chapter04/chap_04_oop_interfaces_collisions.php,1 GB RAM / 1 GB disk space,"Windows, Linux, Mac",,,,
4,PHP 7.x,Free,http://php7cookbook.unlikelysource.net/b05314.zip,/source/chapter04/chap_04_oop_late_static_binding_illustration.php,1 GB RAM / 1 GB disk space,"Windows, Linux, Mac",,,,
4,PHP 7.x,Free,http://php7cookbook.unlikelysource.net/b05314.zip,/source/chapter04/chap_04_oop_namespace_and_autoloading.php,1 GB RAM / 1 GB disk space,"Windows, Linux, Mac",,,,
4,PHP 7.x,Free,http://php7cookbook.unlikelysource.net/b05314.zip,/source/chapter04/chap_04_oop_namespace_example_1.php,1 GB RAM / 1 GB disk space,"Windows, Linux, Mac",,,,
4,PHP 7.x,Free,http://php7cookbook.unlikelysource.net/b05314.zip,/source/chapter04/chap_04_oop_namespace_example_2.php,1 GB RAM / 1 GB disk space,"Windows, Linux, Mac",,,,
4,PHP 7.x,Free,http://php7cookbook.unlikelysource.net/b05314.zip,/source/chapter04/chap_04_oop_namespace_example_3.php,1 GB RAM / 1 GB disk space,"Windows, Linux, Mac",,,,
4,PHP 7.x,Free,http://php7cookbook.unlikelysource.net/b05314.zip,/source/chapter04/chap_04_oop_namespace_example.php,1 GB RAM / 1 GB disk space,"Windows, Linux, Mac",,,,
4,PHP 7.x,Free,http://php7cookbook.unlikelysource.net/b05314.zip,/source/chapter04/chap_04_oop_private.php,1 GB RAM / 1 GB disk space,"Windows, Linux, Mac",,,,
4,PHP 7.x,Free,http://php7cookbook.unlikelysource.net/b05314.zip,/source/chapter04/chap_04_oop_simple_interfaces_example.php,1 GB RAM / 1 GB disk space,"Windows, Linux, Mac",,,,
4,PHP 7.x,Free,http://php7cookbook.unlikelysource.net/b05314.zip,/source/chapter04/chap_04_oop_simple_static.php,1 GB RAM / 1 GB disk space,"Windows, Linux, Mac",,,,
4,PHP 7.x,Free,http://php7cookbook.unlikelysource.net/b05314.zip,/source/chapter04/chap_04_oop_single_inheritance.php,1 GB RAM / 1 GB disk space,"Windows, Linux, Mac",,,,
4,PHP 7.x,Free,http://php7cookbook.unlikelysource.net/b05314.zip,/source/chapter04/chap_04_oop_trait_anonymous_class.php,1 GB RAM / 1 GB disk space,"Windows, Linux, Mac",,,,
4,PHP 7.x,Free,http://php7cookbook.unlikelysource.net/b05314.zip,/source/chapter04/chap_04_oop_trait_methods_do_not_override_class_methods.php,1 GB RAM / 1 GB disk space,"Windows, Linux, Mac",,,,
4,PHP 7.x,Free,http://php7cookbook.unlikelysource.net/b05314.zip,/source/chapter04/chap_04_oop_trait_multiple.php,1 GB RAM / 1 GB disk space,"Windows, Linux, Mac",,,,
4,PHP 7.x,Free,http://php7cookbook.unlikelysource.net/b05314.zip,/source/chapter04/chap_04_oop_traits_override_inherited.php,1 GB RAM / 1 GB disk space,"Windows, Linux, Mac",,,,
4,PHP 7.x,Free,http://php7cookbook.unlikelysource.net/b05314.zip,/source/chapter04/chap_04_oop_two_classes_in_one_file.php,1 GB RAM / 1 GB disk space,"Windows, Linux, Mac",,,,
4,PHP 7.x,Free,http://php7cookbook.unlikelysource.net/b05314.zip,/source/chapter04/chap_04_oop_type_hint.php,1 GB RAM / 1 GB disk space,"Windows, Linux, Mac",,,,
4,PHP 7.x,Free,http://php7cookbook.unlikelysource.net/b05314.zip,/source/chapter04/chap_04_oop_using_stdclass.php,1 GB RAM / 1 GB disk space,"Windows, Linux, Mac",,,,
4,PHP 7.x,Free,http://php7cookbook.unlikelysource.net/b05314.zip,/source/chapter04/chap_04_oop_visibility_class_constants.php,1 GB RAM / 1 GB disk space,"Windows, Linux, Mac",,,,
4,PHP 7.x,Free,http://php7cookbook.unlikelysource.net/b05314.zip,/source/config/db.config.php,1 GB RAM / 1 GB disk space,"Windows, Linux, Mac",,,,
4,PHP 7.x,Free,http://php7cookbook.unlikelysource.net/b05314.zip,/source/chapter04/NameAddress.php,1 GB RAM / 1 GB disk space,"Windows, Linux, Mac",,,,
4,PHP 7.x,Free,http://php7cookbook.unlikelysource.net/b05314.zip,/source/chapter04/TwoClass.php,1 GB RAM / 1 GB disk space,"Windows, Linux, Mac",,,,
5,PHP 7.x,Free,http://php7cookbook.unlikelysource.net/b05314.zip,/source/Application/Database/Connection.php,1 GB RAM / 1 GB disk space,"Windows, Linux, Mac",,,,
5,PHP 7.x,Free,http://php7cookbook.unlikelysource.net/b05314.zip,/source/Application/Database/CustomerService.php,1 GB RAM / 1 GB disk space,"Windows, Linux, Mac",,,,
5,PHP 7.x,Free,http://php7cookbook.unlikelysource.net/b05314.zip,/source/Application/Database/Finder.php,1 GB RAM / 1 GB disk space,"Windows, Linux, Mac",,,,
5,PHP 7.x,Free,http://php7cookbook.unlikelysource.net/b05314.zip,/source/Application/Database/Paginate.php,1 GB RAM / 1 GB disk space,"Windows, Linux, Mac",,,,
5,PHP 7.x,Free,http://php7cookbook.unlikelysource.net/b05314.zip,/source/Application/Entity/Customer.php,1 GB RAM / 1 GB disk space,"Windows, Linux, Mac",,,,
5,PHP 7.x,Free,http://php7cookbook.unlikelysource.net/b05314.zip,/source/chapter05/chap_05_entity_to_query_fetch_by_id.php,1 GB RAM / 1 GB disk space,"Windows, Linux, Mac",,,,
5,PHP 7.x,Free,http://php7cookbook.unlikelysource.net/b05314.zip,/source/chapter05/chap_05_entity_to_query_remove.php,1 GB RAM / 1 GB disk space,"Windows, Linux, Mac",,,,
5,PHP 7.x,Free,http://php7cookbook.unlikelysource.net/b05314.zip,/source/chapter05/chap_05_entity_to_query_save.php,1 GB RAM / 1 GB disk space,"Windows, Linux, Mac",,,,
5,PHP 7.x,Free,http://php7cookbook.unlikelysource.net/b05314.zip,/source/chapter05/chap_05_jquery_datatables_php_lookups_ajax.php,1 GB RAM / 1 GB disk space,"Windows, Linux, Mac",,,,
5,PHP 7.x,Free,http://php7cookbook.unlikelysource.net/b05314.zip,/source/chapter05/chap_05_jquery_datatables_php_lookups.php,1 GB RAM / 1 GB disk space,"Windows, Linux, Mac",,,,
5,PHP 7.x,Free,http://php7cookbook.unlikelysource.net/b05314.zip,/source/chapter05/chap_05_match_entity_to_table.php,1 GB RAM / 1 GB disk space,"Windows, Linux, Mac",,,,
5,PHP 7.x,Free,http://php7cookbook.unlikelysource.net/b05314.zip,/source/chapter05/chap_05_oop_query_builder.php,1 GB RAM / 1 GB disk space,"Windows, Linux, Mac",,,,
5,PHP 7.x,Free,http://php7cookbook.unlikelysource.net/b05314.zip,/source/chapter05/chap_05_pagination.php,1 GB RAM / 1 GB disk space,"Windows, Linux, Mac",,,,
5,PHP 7.x,Free,http://php7cookbook.unlikelysource.net/b05314.zip,/source/chapter05/chap_05_pdo_connect_mysql_extended_dsn.php,1 GB RAM / 1 GB disk space,"Windows, Linux, Mac",,,,
5,PHP 7.x,Free,http://php7cookbook.unlikelysource.net/b05314.zip,/source/chapter05/chap_05_pdo_connect_mysql.php,1 GB RAM / 1 GB disk space,"Windows, Linux, Mac",,,,
5,PHP 7.x,Free,http://php7cookbook.unlikelysource.net/b05314.zip,/source/chapter05/chap_05_pdo_connect_pgsql.php,1 GB RAM / 1 GB disk space,"Windows, Linux, Mac",,,,
5,PHP 7.x,Free,http://php7cookbook.unlikelysource.net/b05314.zip,/source/chapter05/chap_05_pdo_connect_sqlite.php,1 GB RAM / 1 GB disk space,"Windows, Linux, Mac",,,,
5,PHP 7.x,Free,http://php7cookbook.unlikelysource.net/b05314.zip,/source/chapter05/chap_05_pdo_error_mode.php,1 GB RAM / 1 GB disk space,"Windows, Linux, Mac",,,,
5,PHP 7.x,Free,http://php7cookbook.unlikelysource.net/b05314.zip,/source/chapter05/chap_05_pdo_mysql_fetch_class_fetch_object.php,1 GB RAM / 1 GB disk space,"Windows, Linux, Mac",,,,
5,PHP 7.x,Free,http://php7cookbook.unlikelysource.net/b05314.zip,/source/chapter05/chap_05_pdo_mysql_fetch_class.php,1 GB RAM / 1 GB disk space,"Windows, Linux, Mac",,,,
5,PHP 7.x,Free,http://php7cookbook.unlikelysource.net/b05314.zip,/source/chapter05/chap_05_pdo_mysql_fetch_into.php,1 GB RAM / 1 GB disk space,"Windows, Linux, Mac",,,,
5,PHP 7.x,Free,http://php7cookbook.unlikelysource.net/b05314.zip,/source/chapter05/chap_05_pdo_mysql_fetch_obj.php,1 GB RAM / 1 GB disk space,"Windows, Linux, Mac",,,,
5,PHP 7.x,Free,http://php7cookbook.unlikelysource.net/b05314.zip,/source/chapter05/chap_05_pdo_prepared_bind_params.php,1 GB RAM / 1 GB disk space,"Windows, Linux, Mac",,,,
5,PHP 7.x,Free,http://php7cookbook.unlikelysource.net/b05314.zip,/source/chapter05/chap_05_pdo_prepared_named_placeholders.php,1 GB RAM / 1 GB disk space,"Windows, Linux, Mac",,,,
5,PHP 7.x,Free,http://php7cookbook.unlikelysource.net/b05314.zip,/source/chapter05/chap_05_pdo_prepared_positional_placeholders.php,1 GB RAM / 1 GB disk space,"Windows, Linux, Mac",,,,
5,PHP 7.x,Free,http://php7cookbook.unlikelysource.net/b05314.zip,/source/chapter05/chap_05_pdo_scrollable_cursor.php,1 GB RAM / 1 GB disk space,"Windows, Linux, Mac",,,,
5,PHP 7.x,Free,http://php7cookbook.unlikelysource.net/b05314.zip,/source/chapter05/chap_05_pdo_transactions.php,1 GB RAM / 1 GB disk space,"Windows, Linux, Mac",,,,
5,PHP 7.x,Free,http://php7cookbook.unlikelysource.net/b05314.zip,/source/chapter05/chap_05_secondary_lookups.php,1 GB RAM / 1 GB disk space,"Windows, Linux, Mac",,,,
5,PHP 7.x,Free,http://php7cookbook.unlikelysource.net/b05314.zip,/source/config/db.config.php,1 GB RAM / 1 GB disk space,"Windows, Linux, Mac",,,,
6,PHP 7.x,Free,http://php7cookbook.unlikelysource.net/b05314.zip,/source/Application/Filter/CallbackInterface.php,1 GB RAM / 1 GB disk space,"Windows, Linux, Mac",,,,
6,PHP 7.x,Free,http://php7cookbook.unlikelysource.net/b05314.zip,/source/Application/Filter/Filter.php,1 GB RAM / 1 GB disk space,"Windows, Linux, Mac",,,,
6,PHP 7.x,Free,http://php7cookbook.unlikelysource.net/b05314.zip,/source/Application/Filter/Messages.php,1 GB RAM / 1 GB disk space,"Windows, Linux, Mac",,,,
6,PHP 7.x,Free,http://php7cookbook.unlikelysource.net/b05314.zip,/source/Application/Filter/Result.php,1 GB RAM / 1 GB disk space,"Windows, Linux, Mac",,,,
6,PHP 7.x,Free,http://php7cookbook.unlikelysource.net/b05314.zip,/source/Application/Filter/Validator.php,1 GB RAM / 1 GB disk space,"Windows, Linux, Mac",,,,
6,PHP 7.x,Free,http://php7cookbook.unlikelysource.net/b05314.zip,/source/Application/Form/Element/CheckBox.php,1 GB RAM / 1 GB disk space,"Windows, Linux, Mac",,,,
6,PHP 7.x,Free,http://php7cookbook.unlikelysource.net/b05314.zip,/source/Application/Form/Element/Radio.php,1 GB RAM / 1 GB disk space,"Windows, Linux, Mac",,,,
6,PHP 7.x,Free,http://php7cookbook.unlikelysource.net/b05314.zip,/source/Application/Form/Element/Select.php,1 GB RAM / 1 GB disk space,"Windows, Linux, Mac",,,,
6,PHP 7.x,Free,http://php7cookbook.unlikelysource.net/b05314.zip,/source/Application/Form/Factory.php,1 GB RAM / 1 GB disk space,"Windows, Linux, Mac",,,,
6,PHP 7.x,Free,http://php7cookbook.unlikelysource.net/b05314.zip,/source/Application/Form/Generic.php,1 GB RAM / 1 GB disk space,"Windows, Linux, Mac",,,,
6,PHP 7.x,Free,http://php7cookbook.unlikelysource.net/b05314.zip,/source/Application/Web/Menu/Factory.php,1 GB RAM / 1 GB disk space,"Windows, Linux, Mac",,,,
6,PHP 7.x,Free,http://php7cookbook.unlikelysource.net/b05314.zip,/source/chapter06/chap_06_form_element_checkbox.php,1 GB RAM / 1 GB disk space,"Windows, Linux, Mac",,,,
6,PHP 7.x,Free,http://php7cookbook.unlikelysource.net/b05314.zip,/source/chapter06/chap_06_form_element_generator.php,1 GB RAM / 1 GB disk space,"Windows, Linux, Mac",,,,
6,PHP 7.x,Free,http://php7cookbook.unlikelysource.net/b05314.zip,/source/chapter06/chap_06_form_element_radio.php,1 GB RAM / 1 GB disk space,"Windows, Linux, Mac",,,,
6,PHP 7.x,Free,http://php7cookbook.unlikelysource.net/b05314.zip,/source/chapter06/chap_06_form_element_select.php,1 GB RAM / 1 GB disk space,"Windows, Linux, Mac",,,,
6,PHP 7.x,Free,http://php7cookbook.unlikelysource.net/b05314.zip,/source/chapter06/chap_06_form_factory.php,1 GB RAM / 1 GB disk space,"Windows, Linux, Mac",,,,
6,PHP 7.x,Free,http://php7cookbook.unlikelysource.net/b05314.zip,/source/chapter06/chap_06_menu_builder_1.php,1 GB RAM / 1 GB disk space,"Windows, Linux, Mac",,,,
6,PHP 7.x,Free,http://php7cookbook.unlikelysource.net/b05314.zip,/source/chapter06/chap_06_menu_builder_2.php,1 GB RAM / 1 GB disk space,"Windows, Linux, Mac",,,,
6,PHP 7.x,Free,http://php7cookbook.unlikelysource.net/b05314.zip,/source/chapter06/chap_06_menu_builder_3.php,1 GB RAM / 1 GB disk space,"Windows, Linux, Mac",,,,
6,PHP 7.x,Free,http://php7cookbook.unlikelysource.net/b05314.zip,/source/chapter06/chap_06_menu_builder.php,1 GB RAM / 1 GB disk space,"Windows, Linux, Mac",,,,
6,PHP 7.x,Free,http://php7cookbook.unlikelysource.net/b05314.zip,/source/chapter06/chap_06_post_data_config_callbacks.php,1 GB RAM / 1 GB disk space,"Windows, Linux, Mac",,,,
6,PHP 7.x,Free,http://php7cookbook.unlikelysource.net/b05314.zip,/source/chapter06/chap_06_post_data_config_messages.php,1 GB RAM / 1 GB disk space,"Windows, Linux, Mac",,,,
6,PHP 7.x,Free,http://php7cookbook.unlikelysource.net/b05314.zip,/source/chapter06/chap_06_post_data_filtering.php,1 GB RAM / 1 GB disk space,"Windows, Linux, Mac",,,,
6,PHP 7.x,Free,http://php7cookbook.unlikelysource.net/b05314.zip,/source/chapter06/chap_06_post_data_validation.php,1 GB RAM / 1 GB disk space,"Windows, Linux, Mac",,,,
6,PHP 7.x,Free,http://php7cookbook.unlikelysource.net/b05314.zip,/source/chapter06/chap_06_tying_filters_to_form_definitions.php,1 GB RAM / 1 GB disk space,"Windows, Linux, Mac",,,,
6,PHP 7.x,Free,http://php7cookbook.unlikelysource.net/b05314.zip,/source/chapter06/chap_06_tying_filters_to_form.php,1 GB RAM / 1 GB disk space,"Windows, Linux, Mac",,,,
6,PHP 7.x,Free,http://php7cookbook.unlikelysource.net/b05314.zip,/source/chapter06/php7cookbook_html_table.css,1 GB RAM / 1 GB disk space,"Windows, Linux, Mac",,,,
6,PHP 7.x,Free,http://php7cookbook.unlikelysource.net/b05314.zip,/source/chapter06/php7cookbook.css,1 GB RAM / 1 GB disk space,"Windows, Linux, Mac",,,,
7,PHP 7.x,Free,http://php7cookbook.unlikelysource.net/b05314.zip,/source/chapter07/api_key.php,1 GB RAM / 1 GB disk space,"Windows, Linux, Mac",,,,
7,PHP 7.x,Free,http://php7cookbook.unlikelysource.net/b05314.zip,/source/Application/Database/Connection.php,1 GB RAM / 1 GB disk space,"Windows, Linux, Mac",,,,
7,PHP 7.x,Free,http://php7cookbook.unlikelysource.net/b05314.zip,/source/Application/Parse/ConvertXml.php,1 GB RAM / 1 GB disk space,"Windows, Linux, Mac",,,,
7,PHP 7.x,Free,http://php7cookbook.unlikelysource.net/b05314.zip,/source/Application/Web/Client/Curl.php,1 GB RAM / 1 GB disk space,"Windows, Linux, Mac",,,,
7,PHP 7.x,Free,http://php7cookbook.unlikelysource.net/b05314.zip,/source/Application/Web/Client/Streams.php,1 GB RAM / 1 GB disk space,"Windows, Linux, Mac",,,,
7,PHP 7.x,Free,http://php7cookbook.unlikelysource.net/b05314.zip,/source/Application/Web/Request.php,1 GB RAM / 1 GB disk space,"Windows, Linux, Mac",,,,
7,PHP 7.x,Free,http://php7cookbook.unlikelysource.net/b05314.zip,/source/Application/Web/Rest/CustomerApi.php,1 GB RAM / 1 GB disk space,"Windows, Linux, Mac",,,,
7,PHP 7.x,Free,http://php7cookbook.unlikelysource.net/b05314.zip,/source/Application/Web/Rest/Server.php,1 GB RAM / 1 GB disk space,"Windows, Linux, Mac",,,,
7,PHP 7.x,Free,http://php7cookbook.unlikelysource.net/b05314.zip,/source/Application/Web/Soap/ProspectsApi.php,1 GB RAM / 1 GB disk space,"Windows, Linux, Mac",,,,
7,PHP 7.x,Free,http://php7cookbook.unlikelysource.net/b05314.zip,/source/chapter07/chap_07_converting_php_array_to_xml.php,1 GB RAM / 1 GB disk space,"Windows, Linux, Mac",,,,
7,PHP 7.x,Free,http://php7cookbook.unlikelysource.net/b05314.zip,/source/chapter07/chap_07_converting_xml_php_iteration_1.php,1 GB RAM / 1 GB disk space,"Windows, Linux, Mac",,,,
7,PHP 7.x,Free,http://php7cookbook.unlikelysource.net/b05314.zip,/source/chapter07/chap_07_converting_xml_php_iteration_2.php,1 GB RAM / 1 GB disk space,"Windows, Linux, Mac",,,,
7,PHP 7.x,Free,http://php7cookbook.unlikelysource.net/b05314.zip,/source/chapter07/chap_07_converting_xml_php_to_array.php,1 GB RAM / 1 GB disk space,"Windows, Linux, Mac",,,,
7,PHP 7.x,Free,http://php7cookbook.unlikelysource.net/b05314.zip,/source/chapter07/chap_07_converting_xml_php_xpath.php,1 GB RAM / 1 GB disk space,"Windows, Linux, Mac",,,,
7,PHP 7.x,Free,http://php7cookbook.unlikelysource.net/b05314.zip,/source/chapter07/chap_07_payment_provider_request.php,1 GB RAM / 1 GB disk space,"Windows, Linux, Mac",,,,
7,PHP 7.x,Free,http://php7cookbook.unlikelysource.net/b05314.zip,/source/chapter07/chap_07_simple_rest_client_google_maps_curl.php,1 GB RAM / 1 GB disk space,"Windows, Linux, Mac",,,,
7,PHP 7.x,Free,http://php7cookbook.unlikelysource.net/b05314.zip,/source/chapter07/chap_07_simple_rest_client_google_maps_streams.php,1 GB RAM / 1 GB disk space,"Windows, Linux, Mac",,,,
7,PHP 7.x,Free,http://php7cookbook.unlikelysource.net/b05314.zip,/source/chapter07/chap_07_simple_rest_client_google_maps_template.php,1 GB RAM / 1 GB disk space,"Windows, Linux, Mac",,,,
7,PHP 7.x,Free,http://php7cookbook.unlikelysource.net/b05314.zip,/source/chapter07/chap_07_simple_rest_server_test.php,1 GB RAM / 1 GB disk space,"Windows, Linux, Mac",,,,
7,PHP 7.x,Free,http://php7cookbook.unlikelysource.net/b05314.zip,/source/chapter07/chap_07_simple_rest_server.php,1 GB RAM / 1 GB disk space,"Windows, Linux, Mac",,,,
7,PHP 7.x,Free,http://php7cookbook.unlikelysource.net/b05314.zip,/source/chapter07/chap_07_simple_soap_client_test.php,1 GB RAM / 1 GB disk space,"Windows, Linux, Mac",,,,
7,PHP 7.x,Free,http://php7cookbook.unlikelysource.net/b05314.zip,/source/chapter07/chap_07_simple_soap_client_weather_service.php,1 GB RAM / 1 GB disk space,"Windows, Linux, Mac",,,,
7,PHP 7.x,Free,http://php7cookbook.unlikelysource.net/b05314.zip,/source/chapter07/chap_07_simple_soap_server.php,1 GB RAM / 1 GB disk space,"Windows, Linux, Mac",,,,
7,PHP 7.x,Free,http://php7cookbook.unlikelysource.net/b05314.zip,/source/chapter07/chap_07_wsdl.xml,1 GB RAM / 1 GB disk space,"Windows, Linux, Mac",,,,
7,PHP 7.x,Free,http://php7cookbook.unlikelysource.net/b05314.zip,/source/chapter07/composer.json,1 GB RAM / 1 GB disk space,"Windows, Linux, Mac",,,,
7,PHP 7.x,Free,http://php7cookbook.unlikelysource.net/b05314.zip,/source/config/db.config.php,1 GB RAM / 1 GB disk space,"Windows, Linux, Mac",,,,
7,PHP 7.x,Free,http://php7cookbook.unlikelysource.net/b05314.zip,/source/data/files/mongo.db.global.php,1 GB RAM / 1 GB disk space,"Windows, Linux, Mac",,,,
7,PHP 7.x,Free,http://php7cookbook.unlikelysource.net/b05314.zip,/source/chapter07/google_api_key.php,1 GB RAM / 1 GB disk space,"Windows, Linux, Mac",,,,
7,PHP 7.x,Free,http://php7cookbook.unlikelysource.net/b05314.zip,/source/chapter07/php7cookbook_html_table.css,1 GB RAM / 1 GB disk space,"Windows, Linux, Mac",,,,
7,PHP 7.x,Free,http://php7cookbook.unlikelysource.net/b05314.zip,/source/chapter07/php7cookbook.css,1 GB RAM / 1 GB disk space,"Windows, Linux, Mac",,,,
8,PHP 7.x,Free,http://php7cookbook.unlikelysource.net/b05314.zip,/source/Application/Database/Connection.php,1 GB RAM / 1 GB disk space,"Windows, Linux, Mac",,,,
8,PHP 7.x,Free,http://php7cookbook.unlikelysource.net/b05314.zip,/source/Application/I18n/Calendar.php,1 GB RAM / 1 GB disk space,"Windows, Linux, Mac",,,,
8,PHP 7.x,Free,http://php7cookbook.unlikelysource.net/b05314.zip,/source/Application/I18n/Event.php,1 GB RAM / 1 GB disk space,"Windows, Linux, Mac",,,,
8,PHP 7.x,Free,http://php7cookbook.unlikelysource.net/b05314.zip,/source/Application/I18n/IsoCodesCsv.php,1 GB RAM / 1 GB disk space,"Windows, Linux, Mac",,,,
8,PHP 7.x,Free,http://php7cookbook.unlikelysource.net/b05314.zip,/source/Application/I18n/IsoCodesDb.php,1 GB RAM / 1 GB disk space,"Windows, Linux, Mac",,,,
8,PHP 7.x,Free,http://php7cookbook.unlikelysource.net/b05314.zip,/source/Application/I18n/Locale.php,1 GB RAM / 1 GB disk space,"Windows, Linux, Mac",,,,
8,PHP 7.x,Free,http://php7cookbook.unlikelysource.net/b05314.zip,/source/Application/I18n/Translate/Adapter/Csv.php,1 GB RAM / 1 GB disk space,"Windows, Linux, Mac",,,,
8,PHP 7.x,Free,http://php7cookbook.unlikelysource.net/b05314.zip,/source/Application/I18n/Translate/Adapter/Database.php,1 GB RAM / 1 GB disk space,"Windows, Linux, Mac",,,,
8,PHP 7.x,Free,http://php7cookbook.unlikelysource.net/b05314.zip,/source/Application/I18n/Translate/Adapter/Ini.php,1 GB RAM / 1 GB disk space,"Windows, Linux, Mac",,,,
8,PHP 7.x,Free,http://php7cookbook.unlikelysource.net/b05314.zip,/source/Application/I18n/Translate/Translation.php,1 GB RAM / 1 GB disk space,"Windows, Linux, Mac",,,,
8,PHP 7.x,Free,http://php7cookbook.unlikelysource.net/b05314.zip,/source/chapter08/chap_08_control_and_combining_unicode.php,1 GB RAM / 1 GB disk space,"Windows, Linux, Mac",,,,
8,PHP 7.x,Free,http://php7cookbook.unlikelysource.net/b05314.zip,/source/chapter08/chap_08_emoji_using_html.php,1 GB RAM / 1 GB disk space,"Windows, Linux, Mac",,,,
8,PHP 7.x,Free,http://php7cookbook.unlikelysource.net/b05314.zip,/source/chapter08/chap_08_formatting_currency.php,1 GB RAM / 1 GB disk space,"Windows, Linux, Mac",,,,
8,PHP 7.x,Free,http://php7cookbook.unlikelysource.net/b05314.zip,/source/chapter08/chap_08_formatting_date.php,1 GB RAM / 1 GB disk space,"Windows, Linux, Mac",,,,
8,PHP 7.x,Free,http://php7cookbook.unlikelysource.net/b05314.zip,/source/chapter08/chap_08_formatting_numbers.php,1 GB RAM / 1 GB disk space,"Windows, Linux, Mac",,,,
8,PHP 7.x,Free,http://php7cookbook.unlikelysource.net/b05314.zip,/source/chapter08/chap_08_getting_locale_from_browser.php,1 GB RAM / 1 GB disk space,"Windows, Linux, Mac",,,,
8,PHP 7.x,Free,http://php7cookbook.unlikelysource.net/b05314.zip,/source/chapter08/chap_08_html_calendar_full_year.php,1 GB RAM / 1 GB disk space,"Windows, Linux, Mac",,,,
8,PHP 7.x,Free,http://php7cookbook.unlikelysource.net/b05314.zip,/source/chapter08/chap_08_html_calendar.php,1 GB RAM / 1 GB disk space,"Windows, Linux, Mac",,,,
8,PHP 7.x,Free,http://php7cookbook.unlikelysource.net/b05314.zip,/source/chapter08/chap_08_phpinfo.php,1 GB RAM / 1 GB disk space,"Windows, Linux, Mac",,,,
8,PHP 7.x,Free,http://php7cookbook.unlikelysource.net/b05314.zip,/source/chapter08/chap_08_recurring_events.php,1 GB RAM / 1 GB disk space,"Windows, Linux, Mac",,,,
8,PHP 7.x,Free,http://php7cookbook.unlikelysource.net/b05314.zip,/source/chapter08/chap_08_translation_array.php,1 GB RAM / 1 GB disk space,"Windows, Linux, Mac",,,,
8,PHP 7.x,Free,http://php7cookbook.unlikelysource.net/b05314.zip,/source/chapter08/chap_08_translation_csv.php,1 GB RAM / 1 GB disk space,"Windows, Linux, Mac",,,,
8,PHP 7.x,Free,http://php7cookbook.unlikelysource.net/b05314.zip,/source/chapter08/chap_08_translation_database.php,1 GB RAM / 1 GB disk space,"Windows, Linux, Mac",,,,
8,PHP 7.x,Free,http://php7cookbook.unlikelysource.net/b05314.zip,/source/chapter08/chap_08_translation_ini.php,1 GB RAM / 1 GB disk space,"Windows, Linux, Mac",,,,
8,PHP 7.x,Free,http://php7cookbook.unlikelysource.net/b05314.zip,/source/config/db.config.php,1 GB RAM / 1 GB disk space,"Windows, Linux, Mac",,,,
8,PHP 7.x,Free,http://php7cookbook.unlikelysource.net/b05314.zip,/source/data/files/iso_country_codes.csv,1 GB RAM / 1 GB disk space,"Windows, Linux, Mac",,,,
8,PHP 7.x,Free,http://php7cookbook.unlikelysource.net/b05314.zip,/source/data/languages/de_DE/translation.csv,1 GB RAM / 1 GB disk space,"Windows, Linux, Mac",,,,
8,PHP 7.x,Free,http://php7cookbook.unlikelysource.net/b05314.zip,/source/data/languages/de_DE/translation.ini,1 GB RAM / 1 GB disk space,"Windows, Linux, Mac",,,,
8,PHP 7.x,Free,http://php7cookbook.unlikelysource.net/b05314.zip,/source/data/languages/en_GB/translation.csv,1 GB RAM / 1 GB disk space,"Windows, Linux, Mac",,,,
8,PHP 7.x,Free,http://php7cookbook.unlikelysource.net/b05314.zip,/source/data/languages/en_GB/translation.ini,1 GB RAM / 1 GB disk space,"Windows, Linux, Mac",,,,
8,PHP 7.x,Free,http://php7cookbook.unlikelysource.net/b05314.zip,/source/data/languages/es_ES/translation.csv,1 GB RAM / 1 GB disk space,"Windows, Linux, Mac",,,,
8,PHP 7.x,Free,http://php7cookbook.unlikelysource.net/b05314.zip,/source/data/languages/es_ES/translation.ini,1 GB RAM / 1 GB disk space,"Windows, Linux, Mac",,,,
8,PHP 7.x,Free,http://php7cookbook.unlikelysource.net/b05314.zip,/source/data/languages/fr_FR/translation.csv,1 GB RAM / 1 GB disk space,"Windows, Linux, Mac",,,,
8,PHP 7.x,Free,http://php7cookbook.unlikelysource.net/b05314.zip,/source/data/languages/fr_FR/translation.ini,1 GB RAM / 1 GB disk space,"Windows, Linux, Mac",,,,
8,PHP 7.x,Free,http://php7cookbook.unlikelysource.net/b05314.zip,/source/chapter08/jcartier-city.png,1 GB RAM / 1 GB disk space,"Windows, Linux, Mac",,,,
8,PHP 7.x,Free,http://php7cookbook.unlikelysource.net/b05314.zip,/source/chapter08/php7cookbook_html_table.css,1 GB RAM / 1 GB disk space,"Windows, Linux, Mac",,,,
9,PHP 7.x,Free,http://php7cookbook.unlikelysource.net/b05314.zip,/source/Application_MiddleWare_ServerRequest.php,1 GB RAM / 1 GB disk space,"Windows, Linux, Mac",,,,
9,PHP 7.x,Free,http://php7cookbook.unlikelysource.net/b05314.zip,/source/Application/Acl/Acl.php,1 GB RAM / 1 GB disk space,"Windows, Linux, Mac",,,,
9,PHP 7.x,Free,http://php7cookbook.unlikelysource.net/b05314.zip,/source/Application/Acl/Authenticate.php,1 GB RAM / 1 GB disk space,"Windows, Linux, Mac",,,,
9,PHP 7.x,Free,http://php7cookbook.unlikelysource.net/b05314.zip,/source/Application/Acl/DbTable.php,1 GB RAM / 1 GB disk space,"Windows, Linux, Mac",,,,
9,PHP 7.x,Free,http://php7cookbook.unlikelysource.net/b05314.zip,/source/Application/Cache/Constants.php,1 GB RAM / 1 GB disk space,"Windows, Linux, Mac",,,,
9,PHP 7.x,Free,http://php7cookbook.unlikelysource.net/b05314.zip,/source/Application/Cache/Core.php,1 GB RAM / 1 GB disk space,"Windows, Linux, Mac",,,,
9,PHP 7.x,Free,http://php7cookbook.unlikelysource.net/b05314.zip,/source/Application/Cache/Database.php,1 GB RAM / 1 GB disk space,"Windows, Linux, Mac",,,,
9,PHP 7.x,Free,http://php7cookbook.unlikelysource.net/b05314.zip,/source/Application/Cache/File.php,1 GB RAM / 1 GB disk space,"Windows, Linux, Mac",,,,
9,PHP 7.x,Free,http://php7cookbook.unlikelysource.net/b05314.zip,/source/Application/Database/Connection.php,1 GB RAM / 1 GB disk space,"Windows, Linux, Mac",,,,
9,PHP 7.x,Free,http://php7cookbook.unlikelysource.net/b05314.zip,/source/Application/MiddleWare/Constants.php,1 GB RAM / 1 GB disk space,"Windows, Linux, Mac",,,,
9,PHP 7.x,Free,http://php7cookbook.unlikelysource.net/b05314.zip,/source/Application/MiddleWare/Request.php,1 GB RAM / 1 GB disk space,"Windows, Linux, Mac",,,,
9,PHP 7.x,Free,http://php7cookbook.unlikelysource.net/b05314.zip,/source/Application/MiddleWare/Response.php,1 GB RAM / 1 GB disk space,"Windows, Linux, Mac",,,,
9,PHP 7.x,Free,http://php7cookbook.unlikelysource.net/b05314.zip,/source/Application/MiddleWare/ServerRequest.php,1 GB RAM / 1 GB disk space,"Windows, Linux, Mac",,,,
9,PHP 7.x,Free,http://php7cookbook.unlikelysource.net/b05314.zip,/source/Application/MiddleWare/Session/Validator.php,1 GB RAM / 1 GB disk space,"Windows, Linux, Mac",,,,
9,PHP 7.x,Free,http://php7cookbook.unlikelysource.net/b05314.zip,/source/Application/MiddleWare/TextStream.php,1 GB RAM / 1 GB disk space,"Windows, Linux, Mac",,,,
9,PHP 7.x,Free,http://php7cookbook.unlikelysource.net/b05314.zip,/source/Application/MiddleWare/UploadedFile.php,1 GB RAM / 1 GB disk space,"Windows, Linux, Mac",,,,
9,PHP 7.x,Free,http://php7cookbook.unlikelysource.net/b05314.zip,/source/Application/MiddleWare/Uri.php,1 GB RAM / 1 GB disk space,"Windows, Linux, Mac",,,,
9,PHP 7.x,Free,http://php7cookbook.unlikelysource.net/b05314.zip,/source/Application/Routing/Router.php,1 GB RAM / 1 GB disk space,"Windows, Linux, Mac",,,,
9,PHP 7.x,Free,http://php7cookbook.unlikelysource.net/b05314.zip,/source/chapter09/chap_09_middleware_acl_config.php,1 GB RAM / 1 GB disk space,"Windows, Linux, Mac",,,,
9,PHP 7.x,Free,http://php7cookbook.unlikelysource.net/b05314.zip,/source/chapter09/chap_09_middleware_authenticate.php,1 GB RAM / 1 GB disk space,"Windows, Linux, Mac",,,,
9,PHP 7.x,Free,http://php7cookbook.unlikelysource.net/b05314.zip,/source/chapter09/chap_09_middleware_authenticate.php,1 GB RAM / 1 GB disk space,"Windows, Linux, Mac",,,,
9,PHP 7.x,Free,http://php7cookbook.unlikelysource.net/b05314.zip,/source/chapter09/chap_09_middleware_cache_db.php,1 GB RAM / 1 GB disk space,"Windows, Linux, Mac",,,,
9,PHP 7.x,Free,http://php7cookbook.unlikelysource.net/b05314.zip,/source/chapter09/chap_09_middleware_request_to_response.php,1 GB RAM / 1 GB disk space,"Windows, Linux, Mac",,,,
9,PHP 7.x,Free,http://php7cookbook.unlikelysource.net/b05314.zip,/source/chapter09/chap_09_middleware_request_using_with.php,1 GB RAM / 1 GB disk space,"Windows, Linux, Mac",,,,
9,PHP 7.x,Free,http://php7cookbook.unlikelysource.net/b05314.zip,/source/chapter09/chap_09_middleware_request.php,1 GB RAM / 1 GB disk space,"Windows, Linux, Mac",,,,
9,PHP 7.x,Free,http://php7cookbook.unlikelysource.net/b05314.zip,/source/chapter09/chap_09_middleware_server_with_response.php,1 GB RAM / 1 GB disk space,"Windows, Linux, Mac",,,,
9,PHP 7.x,Free,http://php7cookbook.unlikelysource.net/b05314.zip,/source/chapter09/chap_09_middleware_server.php,1 GB RAM / 1 GB disk space,"Windows, Linux, Mac",,,,
9,PHP 7.x,Free,http://php7cookbook.unlikelysource.net/b05314.zip,/source/chapter09/chap_09_middleware_value_objects_file_upload.php,1 GB RAM / 1 GB disk space,"Windows, Linux, Mac",,,,
9,PHP 7.x,Free,http://php7cookbook.unlikelysource.net/b05314.zip,/source/chapter09/chap_09_middleware_value_objects_uri.php,1 GB RAM / 1 GB disk space,"Windows, Linux, Mac",,,,
9,PHP 7.x,Free,http://php7cookbook.unlikelysource.net/b05314.zip,/source/chapter09/churchill.txt,1 GB RAM / 1 GB disk space,"Windows, Linux, Mac",,,,
9,PHP 7.x,Free,http://php7cookbook.unlikelysource.net/b05314.zip,/source/config/db.config.php,1 GB RAM / 1 GB disk space,"Windows, Linux, Mac",,,,
9,PHP 7.x,Free,http://php7cookbook.unlikelysource.net/b05314.zip,/source/chapter09/customer_09_passwords.txt,1 GB RAM / 1 GB disk space,"Windows, Linux, Mac",,,,
9,PHP 7.x,Free,http://php7cookbook.unlikelysource.net/b05314.zip,/source/chapter09/customer_passwords.txt,1 GB RAM / 1 GB disk space,"Windows, Linux, Mac",,,,
9,PHP 7.x,Free,http://php7cookbook.unlikelysource.net/b05314.zip,/source/chapter09/expressive/composer.json,1 GB RAM / 1 GB disk space,"Windows, Linux, Mac",,,,
9,PHP 7.x,Free,http://php7cookbook.unlikelysource.net/b05314.zip,/source/chapter09/expressive/config/autoload/dependencies.global.php,1 GB RAM / 1 GB disk space,"Windows, Linux, Mac",,,,
9,PHP 7.x,Free,http://php7cookbook.unlikelysource.net/b05314.zip,/source/chapter09/expressive/config/autoload/errorhandler.local.php,1 GB RAM / 1 GB disk space,"Windows, Linux, Mac",,,,
9,PHP 7.x,Free,http://php7cookbook.unlikelysource.net/b05314.zip,/source/chapter09/expressive/config/autoload/local.php.dist,1 GB RAM / 1 GB disk space,"Windows, Linux, Mac",,,,
9,PHP 7.x,Free,http://php7cookbook.unlikelysource.net/b05314.zip,/source/chapter09/expressive/config/autoload/middleware-pipeline.global.php,1 GB RAM / 1 GB disk space,"Windows, Linux, Mac",,,,
9,PHP 7.x,Free,http://php7cookbook.unlikelysource.net/b05314.zip,/source/chapter09/expressive/config/autoload/routes.global.php,1 GB RAM / 1 GB disk space,"Windows, Linux, Mac",,,,
9,PHP 7.x,Free,http://php7cookbook.unlikelysource.net/b05314.zip,/source/chapter09/expressive/config/autoload/templates.global.php,1 GB RAM / 1 GB disk space,"Windows, Linux, Mac",,,,
9,PHP 7.x,Free,http://php7cookbook.unlikelysource.net/b05314.zip,/source/chapter09/expressive/config/autoload/zend-expressive.global.php,1 GB RAM / 1 GB disk space,"Windows, Linux, Mac",,,,
9,PHP 7.x,Free,http://php7cookbook.unlikelysource.net/b05314.zip,/source/chapter09/expressive/config/config.php,1 GB RAM / 1 GB disk space,"Windows, Linux, Mac",,,,
9,PHP 7.x,Free,http://php7cookbook.unlikelysource.net/b05314.zip,/source/chapter09/expressive/config/container.php,1 GB RAM / 1 GB disk space,"Windows, Linux, Mac",,,,
9,PHP 7.x,Free,http://php7cookbook.unlikelysource.net/b05314.zip,/source/chapter09/expressive/public/index.php,1 GB RAM / 1 GB disk space,"Windows, Linux, Mac",,,,
9,PHP 7.x,Free,http://php7cookbook.unlikelysource.net/b05314.zip,/source/chapter09/expressive/src/App/Action/HomePageAction.php,1 GB RAM / 1 GB disk space,"Windows, Linux, Mac",,,,
9,PHP 7.x,Free,http://php7cookbook.unlikelysource.net/b05314.zip,/source/chapter09/expressive/src/App/Action/HomePageFactory.php,1 GB RAM / 1 GB disk space,"Windows, Linux, Mac",,,,
9,PHP 7.x,Free,http://php7cookbook.unlikelysource.net/b05314.zip,/source/chapter09/expressive/src/App/Action/PingAction.php,1 GB RAM / 1 GB disk space,"Windows, Linux, Mac",,,,
9,PHP 7.x,Free,http://php7cookbook.unlikelysource.net/b05314.zip,/source/chapter09/expressive/src/App/Action/SessionValidateAction.php,1 GB RAM / 1 GB disk space,"Windows, Linux, Mac",,,,
9,PHP 7.x,Free,http://php7cookbook.unlikelysource.net/b05314.zip,/source/chapter09/expressive/templates/app/home-page.phtml,1 GB RAM / 1 GB disk space,"Windows, Linux, Mac",,,,
9,PHP 7.x,Free,http://php7cookbook.unlikelysource.net/b05314.zip,/source/chapter09/expressive/templates/layout/default.phtml,1 GB RAM / 1 GB disk space,"Windows, Linux, Mac",,,,
9,PHP 7.x,Free,http://php7cookbook.unlikelysource.net/b05314.zip,/source/chapter09/gettysburg.txt,1 GB RAM / 1 GB disk space,"Windows, Linux, Mac",,,,
9,PHP 7.x,Free,http://php7cookbook.unlikelysource.net/b05314.zip,/source/chapter09/gettysburg.txt,1 GB RAM / 1 GB disk space,"Windows, Linux, Mac",,,,
9,PHP 7.x,Free,http://php7cookbook.unlikelysource.net/b05314.zip,/source/chapter09/pages/auth.php,1 GB RAM / 1 GB disk space,"Windows, Linux, Mac",,,,
9,PHP 7.x,Free,http://php7cookbook.unlikelysource.net/b05314.zip,/source/chapter09/pages/logout.php,1 GB RAM / 1 GB disk space,"Windows, Linux, Mac",,,,
9,PHP 7.x,Free,http://php7cookbook.unlikelysource.net/b05314.zip,/source/chapter09/pages/menu.php,1 GB RAM / 1 GB disk space,"Windows, Linux, Mac",,,,
9,PHP 7.x,Free,http://php7cookbook.unlikelysource.net/b05314.zip,/source/chapter09/pages/page0.php,1 GB RAM / 1 GB disk space,"Windows, Linux, Mac",,,,
9,PHP 7.x,Free,http://php7cookbook.unlikelysource.net/b05314.zip,/source/chapter09/pages/page1.php,1 GB RAM / 1 GB disk space,"Windows, Linux, Mac",,,,
9,PHP 7.x,Free,http://php7cookbook.unlikelysource.net/b05314.zip,/source/chapter09/pages/page2.php,1 GB RAM / 1 GB disk space,"Windows, Linux, Mac",,,,
9,PHP 7.x,Free,http://php7cookbook.unlikelysource.net/b05314.zip,/source/chapter09/pages/page3.php,1 GB RAM / 1 GB disk space,"Windows, Linux, Mac",,,,
9,PHP 7.x,Free,http://php7cookbook.unlikelysource.net/b05314.zip,/source/chapter09/pages/page4.php,1 GB RAM / 1 GB disk space,"Windows, Linux, Mac",,,,
9,PHP 7.x,Free,http://php7cookbook.unlikelysource.net/b05314.zip,/source/chapter09/pages/page5.php,1 GB RAM / 1 GB disk space,"Windows, Linux, Mac",,,,
9,PHP 7.x,Free,http://php7cookbook.unlikelysource.net/b05314.zip,/source/chapter09/pages/page6.php,1 GB RAM / 1 GB disk space,"Windows, Linux, Mac",,,,
9,PHP 7.x,Free,http://php7cookbook.unlikelysource.net/b05314.zip,/source/chapter09/pages/page7.php,1 GB RAM / 1 GB disk space,"Windows, Linux, Mac",,,,
9,PHP 7.x,Free,http://php7cookbook.unlikelysource.net/b05314.zip,/source/chapter09/pages/page8.php,1 GB RAM / 1 GB disk space,"Windows, Linux, Mac",,,,
9,PHP 7.x,Free,http://php7cookbook.unlikelysource.net/b05314.zip,/source/chapter09/pages/page9.php,1 GB RAM / 1 GB disk space,"Windows, Linux, Mac",,,,
9,PHP 7.x,Free,http://php7cookbook.unlikelysource.net/b05314.zip,/source/chapter09/pages/route_menu.php,1 GB RAM / 1 GB disk space,"Windows, Linux, Mac",,,,
9,PHP 7.x,Free,http://php7cookbook.unlikelysource.net/b05314.zip,/source/chapter09/pages/sorry.php,1 GB RAM / 1 GB disk space,"Windows, Linux, Mac",,,,
9,PHP 7.x,Free,http://php7cookbook.unlikelysource.net/b05314.zip,/source/chapter09/public/index.php,1 GB RAM / 1 GB disk space,"Windows, Linux, Mac",,,,
9,PHP 7.x,Free,http://php7cookbook.unlikelysource.net/b05314.zip,/source/chapter09/public/index.php,1 GB RAM / 1 GB disk space,"Windows, Linux, Mac",,,,
9,PHP 7.x,Free,http://php7cookbook.unlikelysource.net/b05314.zip,/source/chapter09/public/info.php,1 GB RAM / 1 GB disk space,"Windows, Linux, Mac",,,,
9,PHP 7.x,Free,http://php7cookbook.unlikelysource.net/b05314.zip,/source/chapter09/routing/.htaccess,1 GB RAM / 1 GB disk space,"Windows, Linux, Mac",,,,
9,PHP 7.x,Free,http://php7cookbook.unlikelysource.net/b05314.zip,/source/chapter09/routing/index.php,1 GB RAM / 1 GB disk space,"Windows, Linux, Mac",,,,
9,PHP 7.x,Free,http://php7cookbook.unlikelysource.net/b05314.zip,/source/chapter09/routing/info.php,1 GB RAM / 1 GB disk space,"Windows, Linux, Mac",,,,
9,PHP 7.x,Free,http://php7cookbook.unlikelysource.net/b05314.zip,/source/chapter09/routing/main.php,1 GB RAM / 1 GB disk space,"Windows, Linux, Mac",,,,
9,PHP 7.x,Free,http://php7cookbook.unlikelysource.net/b05314.zip,/source/chapter09/routing/planet.png,1 GB RAM / 1 GB disk space,"Windows, Linux, Mac",,,,
9,PHP 7.x,Free,http://php7cookbook.unlikelysource.net/b05314.zip,/source/chapter09/routing/test/index.php,1 GB RAM / 1 GB disk space,"Windows, Linux, Mac",,,,
9,PHP 7.x,Free,http://php7cookbook.unlikelysource.net/b05314.zip,/source/chapter09/star_trek.txt,1 GB RAM / 1 GB disk space,"Windows, Linux, Mac",,,,
10,PHP 7.x,Free,http://php7cookbook.unlikelysource.net/b05314.zip,/source/Application/Database/Connection.php,1 GB RAM / 1 GB disk space,"Windows, Linux, Mac",,,,
10,PHP 7.x,Free,http://php7cookbook.unlikelysource.net/b05314.zip,/source/Application/Database/Search/Criteria.php,1 GB RAM / 1 GB disk space,"Windows, Linux, Mac",,,,
10,PHP 7.x,Free,http://php7cookbook.unlikelysource.net/b05314.zip,/source/Application/Database/Search/Engine.php,1 GB RAM / 1 GB disk space,"Windows, Linux, Mac",,,,
10,PHP 7.x,Free,http://php7cookbook.unlikelysource.net/b05314.zip,/source/Application/Form/Element/Select.php,1 GB RAM / 1 GB disk space,"Windows, Linux, Mac",,,,
10,PHP 7.x,Free,http://php7cookbook.unlikelysource.net/b05314.zip,/source/Application/Form/Generic.php,1 GB RAM / 1 GB disk space,"Windows, Linux, Mac",,,,
10,PHP 7.x,Free,http://php7cookbook.unlikelysource.net/b05314.zip,/source/Application/Generic/Search.php,1 GB RAM / 1 GB disk space,"Windows, Linux, Mac",,,,
10,PHP 7.x,Free,http://php7cookbook.unlikelysource.net/b05314.zip,/source/Application/Generic/Stack.php,1 GB RAM / 1 GB disk space,"Windows, Linux, Mac",,,,
10,PHP 7.x,Free,http://php7cookbook.unlikelysource.net/b05314.zip,/source/chapter10/chap_10_binary_search.php,1 GB RAM / 1 GB disk space,"Windows, Linux, Mac",,,,
10,PHP 7.x,Free,http://php7cookbook.unlikelysource.net/b05314.zip,/source/chapter10/chap_10_bubble_sort.php,1 GB RAM / 1 GB disk space,"Windows, Linux, Mac",,,,
10,PHP 7.x,Free,http://php7cookbook.unlikelysource.net/b05314.zip,/source/chapter10/chap_10_html_table_multi_array_hidden.php,1 GB RAM / 1 GB disk space,"Windows, Linux, Mac",,,,
10,PHP 7.x,Free,http://php7cookbook.unlikelysource.net/b05314.zip,/source/chapter10/chap_10_html_table_multi_array_raw.php,1 GB RAM / 1 GB disk space,"Windows, Linux, Mac",,,,
10,PHP 7.x,Free,http://php7cookbook.unlikelysource.net/b05314.zip,/source/chapter10/chap_10_linked_double.php,1 GB RAM / 1 GB disk space,"Windows, Linux, Mac",,,,
10,PHP 7.x,Free,http://php7cookbook.unlikelysource.net/b05314.zip,/source/chapter10/chap_10_linked_list_filtered.php,1 GB RAM / 1 GB disk space,"Windows, Linux, Mac",,,,
10,PHP 7.x,Free,http://php7cookbook.unlikelysource.net/b05314.zip,/source/chapter10/chap_10_linked_list_in_order.php,1 GB RAM / 1 GB disk space,"Windows, Linux, Mac",,,,
10,PHP 7.x,Free,http://php7cookbook.unlikelysource.net/b05314.zip,/source/chapter10/chap_10_linked_list_include.php,1 GB RAM / 1 GB disk space,"Windows, Linux, Mac",,,,
10,PHP 7.x,Free,http://php7cookbook.unlikelysource.net/b05314.zip,/source/chapter10/chap_10_oop_using_getters_and_setters_defaults.php,1 GB RAM / 1 GB disk space,"Windows, Linux, Mac",,,,
10,PHP 7.x,Free,http://php7cookbook.unlikelysource.net/b05314.zip,/source/chapter10/chap_10_oop_using_getters_and_setters_magic_call.php,1 GB RAM / 1 GB disk space,"Windows, Linux, Mac",,,,
10,PHP 7.x,Free,http://php7cookbook.unlikelysource.net/b05314.zip,/source/chapter10/chap_10_oop_using_getters_and_setters.php,1 GB RAM / 1 GB disk space,"Windows, Linux, Mac",,,,
10,PHP 7.x,Free,http://php7cookbook.unlikelysource.net/b05314.zip,/source/chapter10/chap_10_search_engine.php,1 GB RAM / 1 GB disk space,"Windows, Linux, Mac",,,,
10,PHP 7.x,Free,http://php7cookbook.unlikelysource.net/b05314.zip,/source/chapter10/chap_10_stack.php,1 GB RAM / 1 GB disk space,"Windows, Linux, Mac",,,,
10,PHP 7.x,Free,http://php7cookbook.unlikelysource.net/b05314.zip,/source/config/db.config.php,1 GB RAM / 1 GB disk space,"Windows, Linux, Mac",,,,
10,PHP 7.x,Free,http://php7cookbook.unlikelysource.net/b05314.zip,/source/data/files/customer.csv,1 GB RAM / 1 GB disk space,"Windows, Linux, Mac",,,,
10,PHP 7.x,Free,http://php7cookbook.unlikelysource.net/b05314.zip,/source/chapter10/php7cookbook_html_table.css,1 GB RAM / 1 GB disk space,"Windows, Linux, Mac",,,,
10,PHP 7.x,Free,http://php7cookbook.unlikelysource.net/b05314.zip,/source/chapter10/php7cookbook.css,1 GB RAM / 1 GB disk space,"Windows, Linux, Mac",,,,
11,PHP 7.x,Free,http://php7cookbook.unlikelysource.net/b05314.zip,/source/chapter11/person.gif.php,1 GB RAM / 1 GB disk space,"Windows, Linux, Mac",,,,
11,PHP 7.x,Free,http://php7cookbook.unlikelysource.net/b05314.zip,/source/Application/Database/Connection.php,1 GB RAM / 1 GB disk space,"Windows, Linux, Mac",,,,
11,PHP 7.x,Free,http://php7cookbook.unlikelysource.net/b05314.zip,/source/Application/Database/CustomerOrmService_1.php,1 GB RAM / 1 GB disk space,"Windows, Linux, Mac",,,,
11,PHP 7.x,Free,http://php7cookbook.unlikelysource.net/b05314.zip,/source/Application/Database/CustomerOrmService_2.php,1 GB RAM / 1 GB disk space,"Windows, Linux, Mac",,,,
11,PHP 7.x,Free,http://php7cookbook.unlikelysource.net/b05314.zip,/source/Application/Database/Mapper/FieldConfig.php,1 GB RAM / 1 GB disk space,"Windows, Linux, Mac",,,,
11,PHP 7.x,Free,http://php7cookbook.unlikelysource.net/b05314.zip,/source/Application/Database/Mapper/Mapping.php,1 GB RAM / 1 GB disk space,"Windows, Linux, Mac",,,,
11,PHP 7.x,Free,http://php7cookbook.unlikelysource.net/b05314.zip,/source/Application/Entity/Person.php,1 GB RAM / 1 GB disk space,"Windows, Linux, Mac",,,,
11,PHP 7.x,Free,http://php7cookbook.unlikelysource.net/b05314.zip,/source/Application/Entity/ProtectedPerson.php,1 GB RAM / 1 GB disk space,"Windows, Linux, Mac",,,,
11,PHP 7.x,Free,http://php7cookbook.unlikelysource.net/b05314.zip,/source/Application/Entity/PublicPerson.php,1 GB RAM / 1 GB disk space,"Windows, Linux, Mac",,,,
11,PHP 7.x,Free,http://php7cookbook.unlikelysource.net/b05314.zip,/source/Application/Filter/Filter.php,1 GB RAM / 1 GB disk space,"Windows, Linux, Mac",,,,
11,PHP 7.x,Free,http://php7cookbook.unlikelysource.net/b05314.zip,/source/Application/Filter/Validator.php,1 GB RAM / 1 GB disk space,"Windows, Linux, Mac",,,,
11,PHP 7.x,Free,http://php7cookbook.unlikelysource.net/b05314.zip,/source/Application/Form/Factory.php,1 GB RAM / 1 GB disk space,"Windows, Linux, Mac",,,,
11,PHP 7.x,Free,http://php7cookbook.unlikelysource.net/b05314.zip,/source/Application/Form/Generic.php,1 GB RAM / 1 GB disk space,"Windows, Linux, Mac",,,,
11,PHP 7.x,Free,http://php7cookbook.unlikelysource.net/b05314.zip,/source/Application/Generic/Hydrator/Any.php,1 GB RAM / 1 GB disk space,"Windows, Linux, Mac",,,,
11,PHP 7.x,Free,http://php7cookbook.unlikelysource.net/b05314.zip,/source/Application/Generic/Hydrator/GetSet.php,1 GB RAM / 1 GB disk space,"Windows, Linux, Mac",,,,
11,PHP 7.x,Free,http://php7cookbook.unlikelysource.net/b05314.zip,/source/Application/Generic/Hydrator/GetSet.php,1 GB RAM / 1 GB disk space,"Windows, Linux, Mac",,,,
11,PHP 7.x,Free,http://php7cookbook.unlikelysource.net/b05314.zip,/source/Application/Generic/Hydrator/Strategy/Extending.php,1 GB RAM / 1 GB disk space,"Windows, Linux, Mac",,,,
11,PHP 7.x,Free,http://php7cookbook.unlikelysource.net/b05314.zip,/source/Application/Generic/Hydrator/Strategy/GetSet.php,1 GB RAM / 1 GB disk space,"Windows, Linux, Mac",,,,
11,PHP 7.x,Free,http://php7cookbook.unlikelysource.net/b05314.zip,/source/Application/Generic/Node.php,1 GB RAM / 1 GB disk space,"Windows, Linux, Mac",,,,
11,PHP 7.x,Free,http://php7cookbook.unlikelysource.net/b05314.zip,/source/Application/PubSub/Publisher.php,1 GB RAM / 1 GB disk space,"Windows, Linux, Mac",,,,
11,PHP 7.x,Free,http://php7cookbook.unlikelysource.net/b05314.zip,/source/Application/PubSub/Subscriber.php,1 GB RAM / 1 GB disk space,"Windows, Linux, Mac",,,,
11,PHP 7.x,Free,http://php7cookbook.unlikelysource.net/b05314.zip,/source/chapter11/chap_11_array_to_object.php,1 GB RAM / 1 GB disk space,"Windows, Linux, Mac",,,,
11,PHP 7.x,Free,http://php7cookbook.unlikelysource.net/b05314.zip,/source/chapter11/chap_11_mapper.php,1 GB RAM / 1 GB disk space,"Windows, Linux, Mac",,,,
11,PHP 7.x,Free,http://php7cookbook.unlikelysource.net/b05314.zip,/source/chapter11/chap_11_object_to_array.php,1 GB RAM / 1 GB disk space,"Windows, Linux, Mac",,,,
11,PHP 7.x,Free,http://php7cookbook.unlikelysource.net/b05314.zip,/source/chapter11/chap_11_orm_embedded.php,1 GB RAM / 1 GB disk space,"Windows, Linux, Mac",,,,
11,PHP 7.x,Free,http://php7cookbook.unlikelysource.net/b05314.zip,/source/chapter11/chap_11_orm_secondary_lookups.php,1 GB RAM / 1 GB disk space,"Windows, Linux, Mac",,,,
11,PHP 7.x,Free,http://php7cookbook.unlikelysource.net/b05314.zip,/source/chapter11/chap_11_parse_tree_structure.php,1 GB RAM / 1 GB disk space,"Windows, Linux, Mac",,,,
11,PHP 7.x,Free,http://php7cookbook.unlikelysource.net/b05314.zip,/source/chapter11/chap_11_pub_sub_complex_example.php,1 GB RAM / 1 GB disk space,"Windows, Linux, Mac",,,,
11,PHP 7.x,Free,http://php7cookbook.unlikelysource.net/b05314.zip,/source/chapter11/chap_11_pub_sub_include.php,1 GB RAM / 1 GB disk space,"Windows, Linux, Mac",,,,
11,PHP 7.x,Free,http://php7cookbook.unlikelysource.net/b05314.zip,/source/chapter11/chap_11_pub_sub_simple_example.php,1 GB RAM / 1 GB disk space,"Windows, Linux, Mac",,,,
11,PHP 7.x,Free,http://php7cookbook.unlikelysource.net/b05314.zip,/source/chapter11/chap_11_pub_sub_view_logic.php,1 GB RAM / 1 GB disk space,"Windows, Linux, Mac",,,,
11,PHP 7.x,Free,http://php7cookbook.unlikelysource.net/b05314.zip,/source/chapter11/chap_11_pub_sub.php,1 GB RAM / 1 GB disk space,"Windows, Linux, Mac",,,,
11,PHP 7.x,Free,http://php7cookbook.unlikelysource.net/b05314.zip,/source/chapter11/chap_11_simple_object_tree_example.php,1 GB RAM / 1 GB disk space,"Windows, Linux, Mac",,,,
11,PHP 7.x,Free,http://php7cookbook.unlikelysource.net/b05314.zip,/source/chapter11/chap_11_strategy_pattern.php,1 GB RAM / 1 GB disk space,"Windows, Linux, Mac",,,,
11,PHP 7.x,Free,http://php7cookbook.unlikelysource.net/b05314.zip,/source/config/db.config.php,1 GB RAM / 1 GB disk space,"Windows, Linux, Mac",,,,
12,PHP 7.x,Free,http://php7cookbook.unlikelysource.net/b05314.zip,/source/Application/Captcha/Image.php,1 GB RAM / 1 GB disk space,"Windows, Linux, Mac",,,,
12,PHP 7.x,Free,http://php7cookbook.unlikelysource.net/b05314.zip,/source/Application/Captcha/Reverse.php,1 GB RAM / 1 GB disk space,"Windows, Linux, Mac",,,,
12,PHP 7.x,Free,http://php7cookbook.unlikelysource.net/b05314.zip,/source/Application/Database/Connection.php,1 GB RAM / 1 GB disk space,"Windows, Linux, Mac",,,,
12,PHP 7.x,Free,http://php7cookbook.unlikelysource.net/b05314.zip,/source/Application/Generic/Hydrator/Strategy/PublicProps.php,1 GB RAM / 1 GB disk space,"Windows, Linux, Mac",,,,
12,PHP 7.x,Free,http://php7cookbook.unlikelysource.net/b05314.zip,/source/Application/Security/PassGen.php,1 GB RAM / 1 GB disk space,"Windows, Linux, Mac",,,,
12,PHP 7.x,Free,http://php7cookbook.unlikelysource.net/b05314.zip,/source/chapter12/chap_12_captcha_image.php,1 GB RAM / 1 GB disk space,"Windows, Linux, Mac",,,,
12,PHP 7.x,Free,http://php7cookbook.unlikelysource.net/b05314.zip,/source/chapter12/chap_12_captcha_text.php,1 GB RAM / 1 GB disk space,"Windows, Linux, Mac",,,,
12,PHP 7.x,Free,http://php7cookbook.unlikelysource.net/b05314.zip,/source/chapter12/chap_12_captcha_view_include.php,1 GB RAM / 1 GB disk space,"Windows, Linux, Mac",,,,
12,PHP 7.x,Free,http://php7cookbook.unlikelysource.net/b05314.zip,/source/chapter12/chap_12_form_csrf_test_protected.html,1 GB RAM / 1 GB disk space,"Windows, Linux, Mac",,,,
12,PHP 7.x,Free,http://php7cookbook.unlikelysource.net/b05314.zip,/source/chapter12/chap_12_form_csrf_test_unprotected.html,1 GB RAM / 1 GB disk space,"Windows, Linux, Mac",,,,
12,PHP 7.x,Free,http://php7cookbook.unlikelysource.net/b05314.zip,/source/chapter12/chap_12_form_protected_index.php,1 GB RAM / 1 GB disk space,"Windows, Linux, Mac",,,,
12,PHP 7.x,Free,http://php7cookbook.unlikelysource.net/b05314.zip,/source/chapter12/chap_12_form_protected_with_token.php,1 GB RAM / 1 GB disk space,"Windows, Linux, Mac",,,,
12,PHP 7.x,Free,http://php7cookbook.unlikelysource.net/b05314.zip,/source/chapter12/chap_12_form_protected_with_token.phtml,1 GB RAM / 1 GB disk space,"Windows, Linux, Mac",,,,
12,PHP 7.x,Free,http://php7cookbook.unlikelysource.net/b05314.zip,/source/chapter12/chap_12_form_protected.php,1 GB RAM / 1 GB disk space,"Windows, Linux, Mac",,,,
12,PHP 7.x,Free,http://php7cookbook.unlikelysource.net/b05314.zip,/source/chapter12/chap_12_form_unprotected_include.php,1 GB RAM / 1 GB disk space,"Windows, Linux, Mac",,,,
12,PHP 7.x,Free,http://php7cookbook.unlikelysource.net/b05314.zip,/source/chapter12/chap_12_form_unprotected.php,1 GB RAM / 1 GB disk space,"Windows, Linux, Mac",,,,
12,PHP 7.x,Free,http://php7cookbook.unlikelysource.net/b05314.zip,/source/chapter12/chap_12_form_view_results.php,1 GB RAM / 1 GB disk space,"Windows, Linux, Mac",,,,
12,PHP 7.x,Free,http://php7cookbook.unlikelysource.net/b05314.zip,/source/chapter12/chap_12_openssl_encryption.php,1 GB RAM / 1 GB disk space,"Windows, Linux, Mac",,,,
12,PHP 7.x,Free,http://php7cookbook.unlikelysource.net/b05314.zip,/source/chapter12/chap_12_password_generate.php,1 GB RAM / 1 GB disk space,"Windows, Linux, Mac",,,,
12,PHP 7.x,Free,http://php7cookbook.unlikelysource.net/b05314.zip,/source/chapter12/chap_12_post_data_filtering_basic.php,1 GB RAM / 1 GB disk space,"Windows, Linux, Mac",,,,
12,PHP 7.x,Free,http://php7cookbook.unlikelysource.net/b05314.zip,/source/chapter12/chap_12_post_data_filtering.php,1 GB RAM / 1 GB disk space,"Windows, Linux, Mac",,,,
12,PHP 7.x,Free,http://php7cookbook.unlikelysource.net/b05314.zip,/source/chapter12/chap_12_post_data_validation_basic.php,1 GB RAM / 1 GB disk space,"Windows, Linux, Mac",,,,
12,PHP 7.x,Free,http://php7cookbook.unlikelysource.net/b05314.zip,/source/chapter12/chap_12_session_hijack.php,1 GB RAM / 1 GB disk space,"Windows, Linux, Mac",,,,
12,PHP 7.x,Free,http://php7cookbook.unlikelysource.net/b05314.zip,/source/chapter12/chap_12_session_protected.php,1 GB RAM / 1 GB disk space,"Windows, Linux, Mac",,,,
12,PHP 7.x,Free,http://php7cookbook.unlikelysource.net/b05314.zip,/source/chapter12/chap_12_session_protection_simple_login.php,1 GB RAM / 1 GB disk space,"Windows, Linux, Mac",,,,
12,PHP 7.x,Free,http://php7cookbook.unlikelysource.net/b05314.zip,/source/config/db.config.php,1 GB RAM / 1 GB disk space,"Windows, Linux, Mac",,,,
12,PHP 7.x,Free,http://php7cookbook.unlikelysource.net/b05314.zip,/source/chapter12/csrf-test.html,1 GB RAM / 1 GB disk space,"Windows, Linux, Mac",,,,
12,PHP 7.x,Free,http://php7cookbook.unlikelysource.net/b05314.zip,/source/chapter12/FreeSansBold.ttf,1 GB RAM / 1 GB disk space,"Windows, Linux, Mac",,,,
12,PHP 7.x,Free,http://php7cookbook.unlikelysource.net/b05314.zip,/source/chapter12/FreeSansBold.ttf.php,1 GB RAM / 1 GB disk space,"Windows, Linux, Mac",,,,
12,PHP 7.x,Free,http://php7cookbook.unlikelysource.net/b05314.zip,/source/chapter12/php7cookbook.css,1 GB RAM / 1 GB disk space,"Windows, Linux, Mac",,,,
12,PHP 7.x,Free,http://php7cookbook.unlikelysource.net/b05314.zip,/source/chapter12/php7cookbook.css,1 GB RAM / 1 GB disk space,"Windows, Linux, Mac",,,,
13,PHP 7.x,Free,http://php7cookbook.unlikelysource.net/b05314.zip,/source/Application/Database/Connection.php,1 GB RAM / 1 GB disk space,"Windows, Linux, Mac",,,,
13,PHP 7.x,Free,http://php7cookbook.unlikelysource.net/b05314.zip,/source/Application/Error/GeneratesError.php,1 GB RAM / 1 GB disk space,"Windows, Linux, Mac",,,,
13,PHP 7.x,Free,http://php7cookbook.unlikelysource.net/b05314.zip,/source/Application/Error/Handler.php,1 GB RAM / 1 GB disk space,"Windows, Linux, Mac",,,,
13,PHP 7.x,Free,http://php7cookbook.unlikelysource.net/b05314.zip,/source/Application/Error/ThrowsError.php,1 GB RAM / 1 GB disk space,"Windows, Linux, Mac",,,,
13,PHP 7.x,Free,http://php7cookbook.unlikelysource.net/b05314.zip,/source/Application/Error/ThrowsException.php,1 GB RAM / 1 GB disk space,"Windows, Linux, Mac",,,,
13,PHP 7.x,Free,http://php7cookbook.unlikelysource.net/b05314.zip,/source/Application/Security/SessOptions.php,1 GB RAM / 1 GB disk space,"Windows, Linux, Mac",,,,
13,PHP 7.x,Free,http://php7cookbook.unlikelysource.net/b05314.zip,/source/Application/Test/FakeData.php,1 GB RAM / 1 GB disk space,"Windows, Linux, Mac",,,,
13,PHP 7.x,Free,http://php7cookbook.unlikelysource.net/b05314.zip,/source/chapter13/chap_13_error_handler.php,1 GB RAM / 1 GB disk space,"Windows, Linux, Mac",,,,
13,PHP 7.x,Free,http://php7cookbook.unlikelysource.net/b05314.zip,/source/chapter13/chap_13_error_throwable.php,1 GB RAM / 1 GB disk space,"Windows, Linux, Mac",,,,
13,PHP 7.x,Free,http://php7cookbook.unlikelysource.net/b05314.zip,/source/chapter13/chap_13_exception_handler.php,1 GB RAM / 1 GB disk space,"Windows, Linux, Mac",,,,
13,PHP 7.x,Free,http://php7cookbook.unlikelysource.net/b05314.zip,/source/chapter13/chap_13_fake_data.php,1 GB RAM / 1 GB disk space,"Windows, Linux, Mac",,,,
13,PHP 7.x,Free,http://php7cookbook.unlikelysource.net/b05314.zip,/source/chapter13/chap_13_session_options.php,1 GB RAM / 1 GB disk space,"Windows, Linux, Mac",,,,
13,PHP 7.x,Free,http://php7cookbook.unlikelysource.net/b05314.zip,/source/chapter13/chap_13_trait_and_interface.php,1 GB RAM / 1 GB disk space,"Windows, Linux, Mac",,,,
13,PHP 7.x,Free,http://php7cookbook.unlikelysource.net/b05314.zip,/source/chapter13/chap_13_unit_test_simple.php,1 GB RAM / 1 GB disk space,"Windows, Linux, Mac",,,,
13,PHP 7.x,Free,http://php7cookbook.unlikelysource.net/b05314.zip,/source/chapter13/chap_13_unit_test_vistor_ops.php,1 GB RAM / 1 GB disk space,"Windows, Linux, Mac",,,,
13,PHP 7.x,Free,http://php7cookbook.unlikelysource.net/b05314.zip,/source/chapter13/composer.json,1 GB RAM / 1 GB disk space,"Windows, Linux, Mac",,,,
13,PHP 7.x,Free,http://php7cookbook.unlikelysource.net/b05314.zip,/source/config/db.config.php,1 GB RAM / 1 GB disk space,"Windows, Linux, Mac",,,,
13,PHP 7.x,Free,http://php7cookbook.unlikelysource.net/b05314.zip,/source/data/files/first_names.txt,1 GB RAM / 1 GB disk space,"Windows, Linux, Mac",,,,
13,PHP 7.x,Free,http://php7cookbook.unlikelysource.net/b05314.zip,/source/data/files/surnames.txt,1 GB RAM / 1 GB disk space,"Windows, Linux, Mac",,,,
13,PHP 7.x,Free,http://php7cookbook.unlikelysource.net/b05314.zip,/source/chapter13/Demo.php,1 GB RAM / 1 GB disk space,"Windows, Linux, Mac",,,,
13,PHP 7.x,Free,http://php7cookbook.unlikelysource.net/b05314.zip,/source/chapter13/phpunit.phar,1 GB RAM / 1 GB disk space,"Windows, Linux, Mac",,,,
13,PHP 7.x,Free,http://php7cookbook.unlikelysource.net/b05314.zip,/source/chapter13/SimpleClassTest.php,1 GB RAM / 1 GB disk space,"Windows, Linux, Mac",,,,
13,PHP 7.x,Free,http://php7cookbook.unlikelysource.net/b05314.zip,/source/chapter13/SimpleDbTest.php,1 GB RAM / 1 GB disk space,"Windows, Linux, Mac",,,,
13,PHP 7.x,Free,http://php7cookbook.unlikelysource.net/b05314.zip,/source/chapter13/SimpleTest.php,1 GB RAM / 1 GB disk space,"Windows, Linux, Mac",,,,
13,PHP 7.x,Free,http://php7cookbook.unlikelysource.net/b05314.zip,/source/chapter13/tests_with_autoload/bootstrap.php,1 GB RAM / 1 GB disk space,"Windows, Linux, Mac",,,,
13,PHP 7.x,Free,http://php7cookbook.unlikelysource.net/b05314.zip,/source/chapter13/tests_with_autoload/Demo,1 GB RAM / 1 GB disk space,"Windows, Linux, Mac",,,,
13,PHP 7.x,Free,http://php7cookbook.unlikelysource.net/b05314.zip,/source/chapter13/tests_with_autoload/Demo/Demo.php,1 GB RAM / 1 GB disk space,"Windows, Linux, Mac",,,,
13,PHP 7.x,Free,http://php7cookbook.unlikelysource.net/b05314.zip,/source/chapter13/tests_with_autoload/phpunit.xml,1 GB RAM / 1 GB disk space,"Windows, Linux, Mac",,,,
13,PHP 7.x,Free,http://php7cookbook.unlikelysource.net/b05314.zip,/source/chapter13/tests_with_autoload/Simple,1 GB RAM / 1 GB disk space,"Windows, Linux, Mac",,,,
13,PHP 7.x,Free,http://php7cookbook.unlikelysource.net/b05314.zip,/source/chapter13/tests_with_autoload/Simple/ClassTest.php,1 GB RAM / 1 GB disk space,"Windows, Linux, Mac",,,,
13,PHP 7.x,Free,http://php7cookbook.unlikelysource.net/b05314.zip,/source/chapter13/tests/phpunit.xml,1 GB RAM / 1 GB disk space,"Windows, Linux, Mac",,,,
13,PHP 7.x,Free,http://php7cookbook.unlikelysource.net/b05314.zip,/source/chapter13/tests/SimpleClassTest.php,1 GB RAM / 1 GB disk space,"Windows, Linux, Mac",,,,
13,PHP 7.x,Free,http://php7cookbook.unlikelysource.net/b05314.zip,/source/chapter13/tests/SimpleDbTest.php,1 GB RAM / 1 GB disk space,"Windows, Linux, Mac",,,,
13,PHP 7.x,Free,http://php7cookbook.unlikelysource.net/b05314.zip,/source/chapter13/tests/SimpleTest.php,1 GB RAM / 1 GB disk space,"Windows, Linux, Mac",,,,
13,PHP 7.x,Free,http://php7cookbook.unlikelysource.net/b05314.zip,/source/chapter13/tests/VisitorOpsMock.php,1 GB RAM / 1 GB disk space,"Windows, Linux, Mac",,,,
13,PHP 7.x,Free,http://php7cookbook.unlikelysource.net/b05314.zip,/source/chapter13/tests/VisitorServiceTest.php,1 GB RAM / 1 GB disk space,"Windows, Linux, Mac",,,,
13,PHP 7.x,Free,http://php7cookbook.unlikelysource.net/b05314.zip,/source/chapter13/VisitorOps.php,1 GB RAM / 1 GB disk space,"Windows, Linux, Mac",,,,
13,PHP 7.x,Free,http://php7cookbook.unlikelysource.net/b05314.zip,/source/chapter13/VisitorOpsMock.php,1 GB RAM / 1 GB disk space,"Windows, Linux, Mac",,,,
13,PHP 7.x,Free,http://php7cookbook.unlikelysource.net/b05314.zip,/source/chapter13/VisitorService.php,1 GB RAM / 1 GB disk space,"Windows, Linux, Mac",,,,
13,PHP 7.x,Free,http://php7cookbook.unlikelysource.net/b05314.zip,/source/chapter13/VisitorServiceTest.php,1 GB RAM / 1 GB disk space,"Windows, Linux, Mac",,,,
13,PHP 7.x,Free,http://php7cookbook.unlikelysource.net/b05314.zip,/source/chapter13/VisitorServiceTestAnonClass.php,1 GB RAM / 1 GB disk space,"Windows, Linux, Mac",,,,
13,PHP 7.x,Free,http://php7cookbook.unlikelysource.net/b05314.zip,/source/chapter13/VisitorServiceTestMockBuilder.php,1 GB RAM / 1 GB disk space,"Windows, Linux, Mac",,,,
